{
  "chosen_k": 5,
  "silhouette_scores": {
    "5": 0.1824412813060914,
    "6": 0.1858280148028966,
    "7": 0.1859471940857371
  },
  "best_k_by_silhouette": 7,
  "cluster_sizes": [
    15671,
    17702,
    23364,
    2145,
    17342
  ],
  "centroids_denormalized": [
    [
      200.02998214453126,
      12.352695827469823,
      7.7231178771362305,
      7.492240681822326,
      1294.0098177883356
    ],
    [
      185.51193872248604,
      25.60979801753276,
      15.759946169482397,
      4.747639330543581,
      1388.031927634559
    ],
    [
      173.03131788302855,
      15.188028375236911,
      9.473096956532528,
      5.545833608417189,
      1119.3258343280406
    ],
    [
      350.2273070035306,
      118.17009405189313,
      11.635009913106147,
      5.675937944910829,
      1306.448925771317
    ],
    [
      207.69777586772778,
      18.088500062430366,
      10.587067839956939,
      5.89711113512691,
      1747.2685966400504
    ]
  ],
  "normalization": {
    "means": [
      194.345346235208,
      20.586008599209798,
      10.891468702695832,
      5.842802365992929,
      1365.9435693992484
    ],
    "stds": [
      56.95579204608696,
      23.968618140313104,
      3.8429137043927404,
      1.2775324486601038,
      325.01742997092464
    ],
    "feature_names": [
      "pitch_mean",
      "pitch_std",
      "energy_dynamics",
      "syllable_rate",
      "brightness"
    ]
  },
  "tone_mapping": {
    "0": "nervous",
    "1": "playful",
    "2": "confident",
    "3": "playful",
    "4": "neutral"
  },
  "tone_counts": {
    "nervous": 1,
    "playful": 2,
    "confident": 1,
    "neutral": 1
  }
}