{
  "total_files": 456,
  "total_segments": 113188,
  "filtered_segments": 76224,
  "filter_rate": 0.6734282786161078,
  "distributions": {
    "pitch_mean": {
      "count": 76224,
      "mean": 194.345346235208,
      "std": 56.9557920460864,
      "min": 65.41000366210938,
      "max": 1002.7723388671875,
      "p10": 140.20941162109375,
      "p25": 159.07772827148438,
      "p50": 185.9296646118164,
      "p75": 217.60427856445312,
      "p90": 251.78439483642578
    },
    "pitch_std": {
      "count": 76224,
      "mean": 20.586008599209798,
      "std": 23.968618140312866,
      "min": 0.0,
      "max": 386.50189208984375,
      "p10": 1.1726129293441776,
      "p25": 7.142972946166992,
      "p50": 15.955626010894775,
      "p75": 26.520843982696533,
      "p90": 39.279075622558594
    },
    "energy_dynamics": {
      "count": 76224,
      "mean": 10.891468702695832,
      "std": 3.842913704392734,
      "min": 0.6388664245605469,
      "max": 28.53147602081299,
      "p10": 6.210625171661377,
      "p25": 8.072901487350464,
      "p50": 10.539161205291748,
      "p75": 13.313626289367676,
      "p90": 16.073705768585206
    },
    "syllable_rate": {
      "count": 76224,
      "mean": 5.842802365992925,
      "std": 1.2775324486600776,
      "min": 0.4950495049504995,
      "max": 12.455516014235243,
      "p10": 4.280396548749449,
      "p25": 4.972750342181827,
      "p50": 5.775075987842009,
      "p75": 6.642066420664118,
      "p90": 7.4906367041195265
    },
    "brightness": {
      "count": 76224,
      "mean": 1365.9435693992323,
      "std": 325.01742997092583,
      "min": 414.50778795783737,
      "max": 3433.621118850669,
      "p10": 967.7204577102536,
      "p25": 1128.5231532218104,
      "p50": 1341.6259317994231,
      "p75": 1574.7441293663176,
      "p90": 1790.8518647566098
    }
  },
  "correlations": [
    [
      "pitch_mean",
      "pitch_std",
      0.3907505198721749
    ],
    [
      "pitch_mean",
      "energy_dynamics",
      -0.039036760573197285
    ],
    [
      "pitch_mean",
      "syllable_rate",
      0.07493434840992569
    ],
    [
      "pitch_mean",
      "brightness",
      0.13315652961532518
    ],
    [
      "pitch_std",
      "energy_dynamics",
      0.22147320162160689
    ],
    [
      "pitch_std",
      "syllable_rate",
      -0.14068648572147682
    ],
    [
      "pitch_std",
      "brightness",
      -0.003310259172837878
    ],
    [
      "energy_dynamics",
      "syllable_rate",
      -0.45491960968173184
    ],
    [
      "energy_dynamics",
      "brightness",
      0.13810680738534012
    ],
    [
      "syllable_rate",
      "brightness",
      -0.01214590239201466
    ]
  ]
}